,count,MonthlyCharges_mean,MonthlyCharges_median,TotalCharges_mean,TotalCharges_median
Loyal,2.0,1.1603987595980851,1.1603987595980851,4.197372951522067,4.197372951522067
Normal,7405.0,0.044465812502533245,-0.1168542555039465,0.2126310329705817,-0.189490409757863
At Risk,5946.0,-0.03192201015893457,-0.20874695216082378,-0.23333339510968237,-0.5181873413413041
High Risk,647.0,-0.10606463165582816,-0.2651398545357689,-0.5005391278733161,-0.6734610809567587
